file,timestamp,2025-01-27T09:25:35
database,id,nrfa-public-31
database,name,UK National River Flow Archive
station,id,21001
station,name,Fruid Water at Fruid
station,gridReference,NT088205
station,descriptionSummary,Compound sharp-edged weir. Flows affected by Fruid Reservoir and diverted to Talla Reservoir.
station,descriptionGeneral,Compound sharp-edged weir (9m wide) about 3km above the confluence with the Tweed. Fruid Reservoir opened 1968 for public water supply after station closed.
station,descriptionStationHydrometry,Flows in excess of 15.8cumecs are truncated and have to be estimated (this is said to occur once or twice per year). Theoretical rating for weir.
station,descriptionFlowRecord,Captures 1959 minimum that predates reservoir.
station,descriptionCatchment,Mainly Silurian rock and boulder clay. Peat on high ground. High moorland; rough pasture; tree cover.
station,descriptionFlowRegime,21.4 sq.km (90%) of catchment area controlled. Aqueduct diverts water to Talla Reservoir from 1954 onwards.
dataType,id,gdf
dataType,name,Gauged Daily Flow
dataType,parameter,Flow
dataType,units,m3/s
dataType,period,day (P1D)
dataType,measurementType,Mean
data,first,1959-10-01
data,last,1968-09-30
1959-10-01,0.062
1959-10-02,0.079
1959-10-03,0.085
1959-10-04,0.079
1959-10-05,0.074
1959-10-06,0.074
1959-10-07,0.068
1959-10-08,0.068
1959-10-09,0.062
1959-10-10,0.062
1959-10-11,0.062
1959-10-12,0.068
1959-10-13,0.085
1959-10-14,0.079
1959-10-15,0.074
1959-10-16,0.068
1959-10-17,0.110
1959-10-18,2.237
1959-10-19,1.801
1959-10-20,0.198
1959-10-21,1.175
1959-10-22,0.447
1959-10-23,0.178
1959-10-24,0.159
1959-10-25,0.362
1959-10-26,0.773
1959-10-27,4.259
1959-10-28,0.493
1959-10-29,0.184
1959-10-30,0.159
1959-10-31,0.130
1959-11-01,0.125
1959-11-02,0.167
1959-11-03,0.130
1959-11-04,0.122
1959-11-05,0.122
1959-11-06,0.122
1959-11-07,0.130
1959-11-08,0.153
1959-11-09,0.767
1959-11-10,0.153
1959-11-11,0.142
1959-11-12,0.130
1959-11-13,1.804
1959-11-14,7.003
1959-11-15,3.044
1959-11-16,0.934
1959-11-17,1.056
1959-11-18,1.198
1959-11-19,2.888
1959-11-20,4.205
1959-11-21,4.732
1959-11-22,2.696
1959-11-23,4.335
1959-11-24,5.465
1959-11-25,3.659
1959-11-26,3.313
1959-11-27,2.277
1959-11-28,1.954
1959-11-29,5.958
1959-11-30,2.625
1959-12-01,2.387
1959-12-02,2.860
1959-12-03,1.962
1959-12-04,1.254
1959-12-05,1.277
1959-12-06,1.699
1959-12-07,3.004
1959-12-08,1.424
1959-12-09,1.900
1959-12-10,1.419
1959-12-11,1.102
1959-12-12,1.102
1959-12-13,2.608
1959-12-14,1.855
1959-12-15,1.127
1959-12-16,1.022
1959-12-17,2.022
1959-12-18,1.804
1959-12-19,1.345
1959-12-20,1.775
1959-12-21,1.277
1959-12-22,2.132
1959-12-23,4.658
1959-12-24,3.036
1959-12-25,2.877
1959-12-26,3.653
1959-12-27,2.919
1959-12-28,1.733
1959-12-29,1.855
1959-12-30,1.886
1959-12-31,2.557
1960-01-01,4.010
1960-01-02,1.566
1960-01-03,1.212
1960-01-04,1.127
1960-01-05,1.045
1960-01-06,0.566
1960-01-07,0.142
1960-01-08,0.136
1960-01-09,0.142
1960-01-10,0.125
1960-01-11,0.122
1960-01-12,0.125
1960-01-13,0.136
1960-01-14,0.122
1960-01-15,0.136
1960-01-16,0.130
1960-01-17,0.136
1960-01-18,0.382
1960-01-19,0.419
1960-01-20,0.351
1960-01-21,1.529
1960-01-22,9.415
1960-01-23,4.415
1960-01-24,1.804
1960-01-25,1.093
1960-01-26,0.867
1960-01-27,0.708
1960-01-28,0.620
1960-01-29,0.566
1960-01-30,0.430
1960-01-31,4.027
1960-02-01,3.279
1960-02-02,4.879
1960-02-03,10.560
1960-02-04,4.984
1960-02-05,1.968
1960-02-06,1.186
1960-02-07,0.909
1960-02-08,0.767
1960-02-09,0.646
1960-02-10,0.620
1960-02-11,0.521
1960-02-12,0.411
1960-02-13,0.382
1960-02-14,0.345
1960-02-15,0.362
1960-02-16,0.309
1960-02-17,0.289
1960-02-18,0.263
1960-02-19,0.351
1960-02-20,0.314
1960-02-21,0.278
1960-02-22,0.235
1960-02-23,0.232
1960-02-24,0.221
1960-02-25,0.620
1960-02-26,1.008
1960-02-27,4.992
1960-02-28,3.659
1960-02-29,2.784
1960-03-01,4.137
1960-03-02,2.684
1960-03-03,3.075
1960-03-04,1.705
1960-03-05,1.045
1960-03-06,0.787
1960-03-07,0.634
1960-03-08,0.504
1960-03-09,0.442
1960-03-10,0.603
1960-03-11,0.739
1960-03-12,0.603
1960-03-13,0.521
1960-03-14,0.957
1960-03-15,0.739
1960-03-16,0.640
1960-03-17,0.498
1960-03-18,0.425
1960-03-19,0.309
1960-03-20,0.173
1960-03-21,0.159
1960-03-22,0.153
1960-03-23,0.147
1960-03-24,0.147
1960-03-25,0.147
1960-03-26,0.147
1960-03-27,0.142
1960-03-28,0.142
1960-03-29,0.130
1960-03-30,0.136
1960-03-31,0.136
1960-04-01,0.136
1960-04-02,0.204
1960-04-03,3.092
1960-04-04,1.362
1960-04-05,2.795
1960-04-06,3.896
1960-04-07,1.362
1960-04-08,1.045
1960-04-09,2.919
1960-04-10,4.199
1960-04-11,2.013
1960-04-12,2.044
1960-04-13,2.619
1960-04-14,2.118
1960-04-15,1.254
1960-04-16,0.909
1960-04-17,0.731
1960-04-18,0.388
1960-04-19,0.184
1960-04-20,0.178
1960-04-21,0.167
1960-04-22,0.161
1960-04-23,0.159
1960-04-24,0.159
1960-04-25,0.159
1960-04-26,0.153
1960-04-27,0.147
1960-04-28,0.147
1960-04-29,0.147
1960-04-30,0.147
1960-05-01,0.147
1960-05-02,0.153
1960-05-03,0.147
1960-05-04,0.142
1960-05-05,0.147
1960-05-06,0.142
1960-05-07,0.136
1960-05-08,0.136
1960-05-09,0.130
1960-05-10,0.125
1960-05-11,0.122
1960-05-12,0.116
1960-05-13,2.642
1960-05-14,0.450
1960-05-15,0.173
1960-05-16,0.159
1960-05-17,0.159
1960-05-18,0.153
1960-05-19,0.153
1960-05-20,0.153
1960-05-21,0.147
1960-05-22,0.147
1960-05-23,0.159
1960-05-24,0.147
1960-05-25,0.130
1960-05-26,0.130
1960-05-27,0.147
1960-05-28,0.147
1960-05-29,0.142
1960-05-30,0.136
1960-05-31,0.130
1960-06-01,0.125
1960-06-02,0.125
1960-06-03,0.125
1960-06-04,0.122
1960-06-05,0.105
1960-06-06,0.110
1960-06-07,0.110
1960-06-08,0.227
1960-06-09,0.283
1960-06-10,0.125
1960-06-11,0.125
1960-06-12,1.113
1960-06-13,0.351
1960-06-14,0.136
1960-06-15,0.130
1960-06-16,0.278
1960-06-17,0.130
1960-06-18,0.130
1960-06-19,0.130
1960-06-20,0.125
1960-06-21,0.130
1960-06-22,0.125
1960-06-23,0.125
1960-06-24,0.125
1960-06-25,0.125
1960-06-26,0.122
1960-06-27,0.116
1960-06-28,0.122
1960-06-29,0.110
1960-06-30,0.105
1960-07-01,0.105
1960-07-02,0.105
1960-07-03,0.105
1960-07-04,0.110
1960-07-05,0.130
1960-07-06,0.130
1960-07-07,0.125
1960-07-08,0.125
1960-07-09,0.125
1960-07-10,0.122
1960-07-11,0.130
1960-07-12,0.122
1960-07-13,0.130
1960-07-14,0.130
1960-07-15,0.130
1960-07-16,0.122
1960-07-17,0.142
1960-07-18,0.195
1960-07-19,0.130
1960-07-20,0.125
1960-07-21,0.161
1960-07-22,0.130
1960-07-23,0.122
1960-07-24,0.125
1960-07-25,0.130
1960-07-26,0.130
1960-07-27,0.130
1960-07-28,0.130
1960-07-29,0.125
1960-07-30,0.136
1960-07-31,0.122
1960-08-01,0.122
1960-08-02,0.130
1960-08-03,0.425
1960-08-04,0.122
1960-08-05,0.125
1960-08-06,0.125
1960-08-07,0.125
1960-08-08,0.122
1960-08-09,0.125
1960-08-10,0.125
1960-08-11,0.125
1960-08-12,0.125
1960-08-13,0.130
1960-08-14,0.130
1960-08-15,0.122
1960-08-16,0.122
1960-08-17,0.125
1960-08-18,0.142
1960-08-19,0.130
1960-08-20,0.130
1960-08-21,0.136
1960-08-22,1.102
1960-08-23,0.731
1960-08-24,0.153
1960-08-25,0.178
1960-08-26,1.045
1960-08-27,0.136
1960-08-28,0.153
1960-08-29,0.147
1960-08-30,0.136
1960-08-31,0.130
1960-09-01,0.136
1960-09-02,0.136
1960-09-03,0.142
1960-09-04,0.136
1960-09-05,0.130
1960-09-06,0.136
1960-09-07,0.147
1960-09-08,0.130
1960-09-09,0.142
1960-09-10,0.130
1960-09-11,0.142
1960-09-12,0.130
1960-09-13,0.130
1960-09-14,3.843
1960-09-15,0.912
1960-09-16,0.651
1960-09-17,0.702
1960-09-18,0.173
1960-09-19,0.178
1960-09-20,0.159
1960-09-21,0.159
1960-09-22,0.153
1960-09-23,0.147
1960-09-24,0.136
1960-09-25,0.136
1960-09-26,0.130
1960-09-27,0.130
1960-09-28,0.130
1960-09-29,0.142
1960-09-30,0.136
1960-10-01,0.136
1960-10-02,0.190
1960-10-03,2.280
1960-10-04,0.413
1960-10-05,0.167
1960-10-06,0.161
1960-10-07,0.161
1960-10-08,0.153
1960-10-09,0.153
1960-10-10,0.147
1960-10-11,0.136
1960-10-12,0.130
1960-10-13,0.130
1960-10-14,0.130
1960-10-15,0.130
1960-10-16,0.130
1960-10-17,0.130
1960-10-18,0.130
1960-10-19,0.147
1960-10-20,0.142
1960-10-21,0.136
1960-10-22,0.159
1960-10-23,0.405
1960-10-24,0.136
1960-10-25,0.142
1960-10-26,0.142
1960-10-27,0.142
1960-10-28,0.462
1960-10-29,0.142
1960-10-30,0.136
1960-10-31,0.130
1960-11-01,1.574
1960-11-02,3.228
1960-11-03,1.523
1960-11-04,0.835
1960-11-05,0.394
1960-11-06,0.178
1960-11-07,0.306
1960-11-08,0.411
1960-11-09,0.521
1960-11-10,2.294
1960-11-11,5.383
1960-11-12,4.333
1960-11-13,2.653
1960-11-14,2.285
1960-11-15,2.047
1960-11-16,1.838
1960-11-17,2.101
1960-11-18,1.051
1960-11-19,0.841
1960-11-20,0.731
1960-11-21,2.115
1960-11-22,1.019
1960-11-23,1.407
1960-11-24,1.758
1960-11-25,1.365
1960-11-26,0.892
1960-11-27,0.714
1960-11-28,0.436
1960-11-29,0.178
1960-11-30,4.383
1960-12-01,9.798
1960-12-02,2.101
1960-12-03,4.180
1960-12-04,3.647
1960-12-05,2.619
1960-12-06,1.365
1960-12-07,0.917
1960-12-08,0.787
1960-12-09,0.719
1960-12-10,0.629
1960-12-11,0.515
1960-12-12,0.351
1960-12-13,0.167
1960-12-14,0.153
1960-12-15,0.153
1960-12-16,0.572
1960-12-17,0.450
1960-12-18,0.173
1960-12-19,0.147
1960-12-20,0.130
1960-12-21,0.142
1960-12-22,0.147
1960-12-23,0.263
1960-12-24,0.153
1960-12-25,1.339
1960-12-26,5.046
1960-12-27,1.260
1960-12-28,0.867
1960-12-29,0.750
1960-12-30,1.617
1960-12-31,1.206
1961-01-01,2.027
1961-01-02,2.027
1961-01-03,1.450
1961-01-04,1.331
1961-01-05,1.419
1961-01-06,2.053
1961-01-07,0.909
1961-01-08,0.889
1961-01-09,0.966
1961-01-10,0.767
1961-01-11,0.595
1961-01-12,4.086
1961-01-13,2.158
1961-01-14,0.917
1961-01-15,0.708
1961-01-16,0.614
1961-01-17,0.510
1961-01-18,0.462
1961-01-19,0.566
1961-01-20,0.161
1961-01-21,0.159
1961-01-22,0.159
1961-01-23,0.153
1961-01-24,0.147
1961-01-25,0.142
1961-01-26,0.221
1961-01-27,3.701
1961-01-28,0.892
1961-01-29,2.662
1961-01-30,1.436
1961-01-31,0.841
1961-02-01,0.750
1961-02-02,0.657
1961-02-03,0.510
1961-02-04,0.530
1961-02-05,1.654
1961-02-06,4.253
1961-02-07,2.466
1961-02-08,3.191
1961-02-09,2.684
1961-02-10,2.492
1961-02-11,1.838
1961-02-12,1.628
1961-02-13,1.419
1961-02-14,1.390
1961-02-15,1.523
1961-02-16,0.997
1961-02-17,0.787
1961-02-18,0.997
1961-02-19,0.762
1961-02-20,0.657
1961-02-21,0.368
1961-02-22,0.159
1961-02-23,0.153
1961-02-24,0.167
1961-02-25,0.547
1961-02-26,2.223
1961-02-27,1.314
1961-02-28,1.022
1961-03-01,0.799
1961-03-02,1.107
1961-03-03,0.756
1961-03-04,0.651
1961-03-05,0.572
1961-03-06,0.326
1961-03-07,0.159
1961-03-08,0.159
1961-03-09,0.159
1961-03-10,0.159
1961-03-11,0.167
1961-03-12,0.184
1961-03-13,0.173
1961-03-14,0.147
1961-03-15,0.153
1961-03-16,0.147
1961-03-17,0.147
1961-03-18,0.142
1961-03-19,0.136
1961-03-20,0.142
1961-03-21,0.130
1961-03-22,0.130
1961-03-23,0.130
1961-03-24,0.136
1961-03-25,0.130
1961-03-26,0.130
1961-03-27,0.130
1961-03-28,0.130
1961-03-29,0.159
1961-03-30,0.793
1961-03-31,0.153
1961-04-01,0.159
1961-04-02,0.167
1961-04-03,0.147
1961-04-04,0.147
1961-04-05,0.337
1961-04-06,1.017
1961-04-07,0.159
1961-04-08,0.159
1961-04-09,0.161
1961-04-10,0.159
1961-04-11,0.153
1961-04-12,0.547
1961-04-13,1.186
1961-04-14,0.595
1961-04-15,0.227
1961-04-16,0.161
1961-04-17,0.173
1961-04-18,0.173
1961-04-19,0.159
1961-04-20,0.173
1961-04-21,0.235
1961-04-22,0.184
1961-04-23,0.572
1961-04-24,0.597
1961-04-25,0.646
1961-04-26,0.804
1961-04-27,0.682
1961-04-28,0.345
1961-04-29,0.153
1961-04-30,0.147
1961-05-01,0.147
1961-05-02,0.309
1961-05-03,0.167
1961-05-04,0.793
1961-05-05,0.515
1961-05-06,1.376
1961-05-07,1.206
1961-05-08,1.181
1961-05-09,0.841
1961-05-10,0.394
1961-05-11,0.159
1961-05-12,0.153
1961-05-13,0.147
1961-05-14,0.142
1961-05-15,0.136
1961-05-16,0.130
1961-05-17,0.130
1961-05-18,0.130
1961-05-19,0.130
1961-05-20,0.130
1961-05-21,0.125
1961-05-22,0.125
1961-05-23,0.122
1961-05-24,0.122
1961-05-25,0.122
1961-05-26,0.125
1961-05-27,0.125
1961-05-28,0.125
1961-05-29,0.122
1961-05-30,0.125
1961-05-31,0.122
1961-06-01,0.105
1961-06-02,0.099
1961-06-03,0.099
1961-06-04,0.099
1961-06-05,0.091
1961-06-06,0.093
1961-06-07,0.105
1961-06-08,0.125
1961-06-09,0.125
1961-06-10,0.110
1961-06-11,0.116
1961-06-12,0.105
1961-06-13,0.093
1961-06-14,0.091
1961-06-15,0.085
1961-06-16,0.091
1961-06-17,0.093
1961-06-18,0.110
1961-06-19,0.091
1961-06-20,0.085
1961-06-21,0.074
1961-06-22,0.099
1961-06-23,0.085
1961-06-24,0.068
1961-06-25,0.074
1961-06-26,0.125
1961-06-27,0.105
1961-06-28,0.091
1961-06-29,0.085
1961-06-30,0.074
1961-07-01,0.068
1961-07-02,0.074
1961-07-03,0.079
1961-07-04,0.130
1961-07-05,0.099
1961-07-06,0.079
1961-07-07,0.085
1961-07-08,0.122
1961-07-09,0.122
1961-07-10,0.099
1961-07-11,0.091
1961-07-12,0.091
1961-07-13,2.178
1961-07-14,0.142
1961-07-15,0.136
1961-07-16,0.159
1961-07-17,0.130
1961-07-18,0.136
1961-07-19,0.130
1961-07-20,0.125
1961-07-21,0.136
1961-07-22,0.136
1961-07-23,0.130
1961-07-24,0.130
1961-07-25,0.130
1961-07-26,0.142
1961-07-27,0.136
1961-07-28,0.130
1961-07-29,0.125
1961-07-30,0.125
1961-07-31,0.122
1961-08-01,0.122
1961-08-02,0.122
1961-08-03,0.411
1961-08-04,1.144
1961-08-05,0.136
1961-08-06,0.136
1961-08-07,0.130
1961-08-08,2.577
1961-08-09,2.127
1961-08-10,0.362
1961-08-11,0.173
1961-08-12,0.159
1961-08-13,0.159
1961-08-14,0.147
1961-08-15,0.159
1961-08-16,0.147
1961-08-17,0.142
1961-08-18,0.153
1961-08-19,0.159
1961-08-20,0.161
1961-08-21,0.173
1961-08-22,0.167
1961-08-23,0.136
1961-08-24,0.136
1961-08-25,0.153
1961-08-26,0.190
1961-08-27,0.136
1961-08-28,0.136
1961-08-29,0.136
1961-08-30,0.130
1961-08-31,0.130
1961-09-01,0.130
1961-09-02,0.142
1961-09-03,0.130
1961-09-04,0.130
1961-09-05,0.130
1961-09-06,0.130
1961-09-07,0.130
1961-09-08,0.130
1961-09-09,0.130
1961-09-10,0.142
1961-09-11,0.130
1961-09-12,0.411
1961-09-13,3.727
1961-09-14,0.278
1961-09-15,1.586
1961-09-16,1.192
1961-09-17,0.184
1961-09-18,0.142
1961-09-19,0.136
1961-09-20,0.136
1961-09-21,0.136
1961-09-22,0.142
1961-09-23,0.136
1961-09-24,0.136
1961-09-25,0.130
1961-09-26,0.377
1961-09-27,1.523
1961-09-28,1.249
1961-09-29,0.510
1961-09-30,2.268
1961-10-01,0.269
1961-10-02,0.161
1961-10-03,0.221
1961-10-04,0.357
1961-10-05,0.178
1961-10-06,0.159
1961-10-07,0.153
1961-10-08,0.161
1961-10-09,0.252
1961-10-10,1.645
1961-10-11,0.204
1961-10-12,0.159
1961-10-13,0.159
1961-10-14,0.159
1961-10-15,0.159
1961-10-16,0.167
1961-10-17,1.093
1961-10-18,0.552
1961-10-19,0.167
1961-10-20,0.167
1961-10-21,0.190
1961-10-22,1.325
1961-10-23,6.003
1961-10-24,5.522
1961-10-25,4.134
1961-10-26,5.295
1961-10-27,3.879
1961-10-28,1.733
1961-10-29,1.102
1961-10-30,0.867
1961-10-31,0.892
1961-11-01,0.799
1961-11-02,1.838
1961-11-03,1.150
1961-11-04,0.782
1961-11-05,0.782
1961-11-06,1.102
1961-11-07,1.676
1961-11-08,3.879
1961-11-09,1.161
1961-11-10,0.867
1961-11-11,0.739
1961-11-12,0.640
1961-11-13,0.677
1961-11-14,0.583
1961-11-15,0.493
1961-11-16,0.442
1961-11-17,0.413
1961-11-18,0.258
1961-11-19,0.159
1961-11-20,0.147
1961-11-21,0.142
1961-11-22,0.153
1961-11-23,0.326
1961-11-24,0.167
1961-11-25,0.178
1961-11-26,0.215
1961-11-27,0.167
1961-11-28,0.161
1961-11-29,0.394
1961-11-30,1.028
1961-12-01,0.246
1961-12-02,0.198
1961-12-03,0.184
1961-12-04,0.799
1961-12-05,2.721
1961-12-06,0.578
1961-12-07,0.694
1961-12-08,0.634
1961-12-09,1.722
1961-12-10,2.945
1961-12-11,5.975
1961-12-12,2.650
1961-12-13,3.313
1961-12-14,2.047
1961-12-15,1.155
1961-12-16,0.867
1961-12-17,0.750
1961-12-18,0.620
1961-12-19,0.541
1961-12-20,0.462
1961-12-21,0.413
1961-12-22,0.394
1961-12-23,0.258
1961-12-24,0.130
1961-12-25,0.190
1961-12-26,0.184
1961-12-27,0.147
1961-12-28,0.161
1961-12-29,0.173
1961-12-30,0.272
1961-12-31,0.603
1962-01-01,0.399
1962-01-02,0.388
1962-01-03,0.263
1962-01-04,0.198
1962-01-05,0.204
1962-01-06,0.343
1962-01-07,0.951
1962-01-08,2.226
1962-01-09,2.008
1962-01-10,0.241
1962-01-11,4.927
1962-01-12,2.047
1962-01-13,1.303
1962-01-14,1.051
1962-01-15,8.495
1962-01-16,6.570
1962-01-17,4.021
1962-01-18,1.699
1962-01-19,2.945
1962-01-20,1.470
1962-01-21,1.974
1962-01-22,1.051
1962-01-23,0.841
1962-01-24,3.681
1962-01-25,2.721
1962-01-26,2.248
1962-01-27,1.051
1962-01-28,0.787
1962-01-29,0.699
1962-01-30,0.762
1962-01-31,5.663
1962-02-01,1.909
1962-02-02,1.102
1962-02-03,1.076
1962-02-04,1.102
1962-02-05,1.260
1962-02-06,2.090
1962-02-07,4.163
1962-02-08,1.444
1962-02-09,1.076
1962-02-10,1.155
1962-02-11,1.775
1962-02-12,5.437
1962-02-13,1.314
1962-02-14,0.841
1962-02-15,1.102
1962-02-16,1.396
1962-02-17,0.813
1962-02-18,0.773
1962-02-19,0.671
1962-02-20,0.589
1962-02-21,0.504
1962-02-22,0.442
1962-02-23,0.388
1962-02-24,0.246
1962-02-25,0.159
1962-02-26,0.153
1962-02-27,0.153
1962-02-28,0.159
1962-03-01,0.153
1962-03-02,0.147
1962-03-03,0.153
1962-03-04,0.147
1962-03-05,0.142
1962-03-06,0.161
1962-03-07,0.136
1962-03-08,0.122
1962-03-09,0.136
1962-03-10,0.524
1962-03-11,0.184
1962-03-12,0.153
1962-03-13,0.184
1962-03-14,0.167
1962-03-15,0.153
1962-03-16,0.147
1962-03-17,0.142
1962-03-18,0.142
1962-03-19,0.142
1962-03-20,0.147
1962-03-21,0.147
1962-03-22,0.147
1962-03-23,0.142
1962-03-24,0.136
1962-03-25,0.167
1962-03-26,0.309
1962-03-27,0.153
1962-03-28,0.153
1962-03-29,0.232
1962-03-30,0.357
1962-03-31,0.153
1962-04-01,0.167
1962-04-02,2.404
1962-04-03,3.511
1962-04-04,0.436
1962-04-05,0.263
1962-04-06,0.198
1962-04-07,3.341
1962-04-08,0.725
1962-04-09,0.241
1962-04-10,0.552
1962-04-11,1.243
1962-04-12,0.799
1962-04-13,0.609
1962-04-14,0.487
1962-04-15,0.419
1962-04-16,0.377
1962-04-17,0.362
1962-04-18,0.388
1962-04-19,0.498
1962-04-20,0.326
1962-04-21,0.190
1962-04-22,0.159
1962-04-23,0.136
1962-04-24,0.130
1962-04-25,0.130
1962-04-26,0.130
1962-04-27,0.130
1962-04-28,0.136
1962-04-29,0.147
1962-04-30,0.142
1962-05-01,0.142
1962-05-02,0.142
1962-05-03,0.142
1962-05-04,0.142
1962-05-05,0.136
1962-05-06,0.136
1962-05-07,0.136
1962-05-08,0.153
1962-05-09,0.147
1962-05-10,0.161
1962-05-11,0.159
1962-05-12,0.159
1962-05-13,0.153
1962-05-14,0.142
1962-05-15,0.130
1962-05-16,0.252
1962-05-17,0.136
1962-05-18,0.159
1962-05-19,0.153
1962-05-20,0.136
1962-05-21,0.173
1962-05-22,0.147
1962-05-23,0.159
1962-05-24,0.161
1962-05-25,0.147
1962-05-26,0.136
1962-05-27,0.136
1962-05-28,0.130
1962-05-29,0.130
1962-05-30,0.130
1962-05-31,0.130
1962-06-01,0.136
1962-06-02,0.136
1962-06-03,0.130
1962-06-04,0.130
1962-06-05,0.125
1962-06-06,0.122
1962-06-07,0.110
1962-06-08,0.105
1962-06-09,0.099
1962-06-10,0.099
1962-06-11,0.093
1962-06-12,0.110
1962-06-13,0.116
1962-06-14,0.110
1962-06-15,0.122
1962-06-16,0.130
1962-06-17,0.116
1962-06-18,0.142
1962-06-19,0.173
1962-06-20,0.142
1962-06-21,0.362
1962-06-22,0.190
1962-06-23,0.130
1962-06-24,0.425
1962-06-25,0.136
1962-06-26,0.136
1962-06-27,0.116
1962-06-28,0.116
1962-06-29,0.122
1962-06-30,0.125
1962-07-01,0.125
1962-07-02,0.125
1962-07-03,0.125
1962-07-04,0.122
1962-07-05,0.125
1962-07-06,0.125
1962-07-07,0.125
1962-07-08,0.125
1962-07-09,0.122
1962-07-10,0.116
1962-07-11,0.136
1962-07-12,0.142
1962-07-13,0.130
1962-07-14,0.122
1962-07-15,0.110
1962-07-16,0.105
1962-07-17,0.093
1962-07-18,0.091
1962-07-19,0.136
1962-07-20,0.125
1962-07-21,0.345
1962-07-22,0.161
1962-07-23,0.130
1962-07-24,0.122
1962-07-25,0.411
1962-07-26,0.110
1962-07-27,0.110
1962-07-28,0.125
1962-07-29,0.142
1962-07-30,0.167
1962-07-31,0.130
1962-08-01,0.125
1962-08-02,0.178
1962-08-03,5.154
1962-08-04,2.039
1962-08-05,0.278
1962-08-06,0.252
1962-08-07,0.184
1962-08-08,0.161
1962-08-09,0.903
1962-08-10,0.368
1962-08-11,3.851
1962-08-12,0.331
1962-08-13,0.173
1962-08-14,0.178
1962-08-15,0.178
1962-08-16,0.184
1962-08-17,0.161
1962-08-18,0.159
1962-08-19,0.161
1962-08-20,1.051
1962-08-21,0.320
1962-08-22,0.419
1962-08-23,0.824
1962-08-24,0.572
1962-08-25,0.595
1962-08-26,3.625
1962-08-27,1.574
1962-08-28,0.997
1962-08-29,0.776
1962-08-30,0.665
1962-08-31,0.572
1962-09-01,0.493
1962-09-02,0.671
1962-09-03,1.113
1962-09-04,1.093
1962-09-05,0.776
1962-09-06,0.597
1962-09-07,0.521
1962-09-08,0.331
1962-09-09,5.550
1962-09-10,5.012
1962-09-11,1.795
1962-09-12,4.587
1962-09-13,1.260
1962-09-14,0.946
1962-09-15,1.727
1962-09-16,0.892
1962-09-17,0.739
1962-09-18,0.620
1962-09-19,0.535
1962-09-20,0.462
1962-09-21,0.411
1962-09-22,0.357
1962-09-23,0.343
1962-09-24,0.221
1962-09-25,0.153
1962-09-26,0.153
1962-09-27,0.161
1962-09-28,2.532
1962-09-29,0.331
1962-09-30,4.899
1962-10-01,3.200
1962-10-02,2.809
1962-10-03,1.155
1962-10-04,0.841
1962-10-05,1.155
1962-10-06,0.736
1962-10-07,0.603
1962-10-08,0.309
1962-10-09,0.153
1962-10-10,0.147
1962-10-11,0.147
1962-10-12,0.153
1962-10-13,0.159
1962-10-14,0.159
1962-10-15,0.159
1962-10-16,0.153
1962-10-17,0.142
1962-10-18,0.136
1962-10-19,0.136
1962-10-20,0.130
1962-10-21,0.130
1962-10-22,0.130
1962-10-23,0.125
1962-10-24,0.125
1962-10-25,0.130
1962-10-26,0.136
1962-10-27,0.153
1962-10-28,0.167
1962-10-29,0.142
1962-10-30,0.530
1962-10-31,0.750
1962-11-01,1.365
1962-11-02,1.119
1962-11-03,0.436
1962-11-04,0.246
1962-11-05,0.167
1962-11-06,0.190
1962-11-07,0.161
1962-11-08,0.161
1962-11-09,0.343
1962-11-10,0.159
1962-11-11,0.161
1962-11-12,0.159
1962-11-13,0.147
1962-11-14,0.167
1962-11-15,0.147
1962-11-16,0.147
1962-11-17,0.300
1962-11-18,0.161
1962-11-19,0.343
1962-11-20,0.122
1962-11-21,0.105
1962-11-22,0.099
1962-11-23,0.767
1962-11-24,2.263
1962-11-25,0.589
1962-11-26,0.283
1962-11-27,0.167
1962-11-28,0.161
1962-11-29,0.167
1962-11-30,0.159
1962-12-01,0.153
1962-12-02,0.147
1962-12-03,0.142
1962-12-04,0.161
1962-12-05,0.142
1962-12-06,0.147
1962-12-07,0.178
1962-12-08,5.777
1962-12-09,1.838
1962-12-10,1.155
1962-12-11,1.419
1962-12-12,0.892
1962-12-13,0.694
1962-12-14,1.365
1962-12-15,1.679
1962-12-16,1.260
1962-12-17,0.736
1962-12-18,0.750
1962-12-19,0.589
1962-12-20,2.152
1962-12-21,0.892
1962-12-22,0.719
1962-12-23,0.597
1962-12-24,0.493
1962-12-25,0.447
1962-12-26,0.487
1962-12-27,0.405
1962-12-28,0.252
1962-12-29,0.184
1962-12-30,0.130
1962-12-31,0.136
1963-01-01,0.167
1963-01-02,0.142
1963-01-03,0.125
1963-01-04,0.122
1963-01-05,0.116
1963-01-06,0.110
1963-01-07,0.110
1963-01-08,0.105
1963-01-09,0.099
1963-01-10,0.147
1963-01-11,0.204
1963-01-12,0.246
1963-01-13,0.351
1963-01-14,0.252
1963-01-15,0.122
1963-01-16,0.116
1963-01-17,0.215
1963-01-18,0.227
1963-01-19,0.110
1963-01-20,0.093
1963-01-21,0.122
1963-01-22,0.173
1963-01-23,0.269
1963-01-24,0.246
1963-01-25,0.204
1963-01-26,0.161
1963-01-27,0.125
1963-01-28,0.122
1963-01-29,0.122
1963-01-30,0.105
1963-01-31,0.122
1963-02-01,0.116
1963-02-02,0.122
1963-02-03,0.136
1963-02-04,0.232
1963-02-05,0.232
1963-02-06,0.093
1963-02-07,0.142
1963-02-08,0.161
1963-02-09,0.159
1963-02-10,0.136
1963-02-11,0.122
1963-02-12,0.116
1963-02-13,0.105
1963-02-14,0.105
1963-02-15,0.099
1963-02-16,0.099
1963-02-17,0.105
1963-02-18,0.099
1963-02-19,0.099
1963-02-20,0.093
1963-02-21,0.093
1963-02-22,0.093
1963-02-23,0.091
1963-02-24,0.085
1963-02-25,0.085
1963-02-26,0.079
1963-02-27,0.079
1963-02-28,0.085
1963-03-01,0.085
1963-03-02,0.091
1963-03-03,0.093
1963-03-04,0.099
1963-03-05,2.305
1963-03-06,4.163
1963-03-07,4.248
1963-03-08,3.370
1963-03-09,5.069
1963-03-10,3.002
1963-03-11,0.807
1963-03-12,0.204
1963-03-13,0.173
1963-03-14,9.203
1963-03-15,5.040
1963-03-16,3.653
1963-03-17,2.820
1963-03-18,4.417
1963-03-19,1.784
1963-03-20,1.051
1963-03-21,0.787
1963-03-22,0.694
1963-03-23,0.331
1963-03-24,0.473
1963-03-25,1.424
1963-03-26,0.892
1963-03-27,0.997
1963-03-28,0.787
1963-03-29,1.580
1963-03-30,1.155
1963-03-31,0.767
1963-04-01,0.835
1963-04-02,0.841
1963-04-03,0.708
1963-04-04,0.634
1963-04-05,0.750
1963-04-06,0.736
1963-04-07,0.620
1963-04-08,0.524
1963-04-09,0.473
1963-04-10,0.493
1963-04-11,0.719
1963-04-12,0.493
1963-04-13,0.320
1963-04-14,0.547
1963-04-15,1.512
1963-04-16,0.782
1963-04-17,1.489
1963-04-18,2.526
1963-04-19,1.365
1963-04-20,1.665
1963-04-21,2.044
1963-04-22,3.455
1963-04-23,1.206
1963-04-24,0.841
1963-04-25,0.767
1963-04-26,0.640
1963-04-27,0.331
1963-04-28,0.142
1963-04-29,0.147
1963-04-30,0.153
1963-05-01,0.159
1963-05-02,0.136
1963-05-03,0.142
1963-05-04,0.153
1963-05-05,0.159
1963-05-06,0.142
1963-05-07,1.150
1963-05-08,1.436
1963-05-09,0.776
1963-05-10,1.487
1963-05-11,2.172
1963-05-12,4.304
1963-05-13,2.826
1963-05-14,1.809
1963-05-15,1.051
1963-05-16,0.892
1963-05-17,0.946
1963-05-18,0.830
1963-05-19,0.184
1963-05-20,0.178
1963-05-21,2.101
1963-05-22,1.155
1963-05-23,0.787
1963-05-24,0.677
1963-05-25,0.413
1963-05-26,0.161
1963-05-27,0.167
1963-05-28,0.184
1963-05-29,0.173
1963-05-30,0.159
1963-05-31,0.153
1963-06-01,0.167
1963-06-02,0.136
1963-06-03,0.130
1963-06-04,0.136
1963-06-05,0.142
1963-06-06,0.142
1963-06-07,0.147
1963-06-08,0.147
1963-06-09,0.136
1963-06-10,0.122
1963-06-11,0.142
1963-06-12,0.159
1963-06-13,0.142
1963-06-14,0.130
1963-06-15,0.130
1963-06-16,0.130
1963-06-17,0.130
1963-06-18,0.167
1963-06-19,0.153
1963-06-20,0.136
1963-06-21,0.142
1963-06-22,0.136
1963-06-23,0.130
1963-06-24,0.629
1963-06-25,1.512
1963-06-26,0.399
1963-06-27,0.252
1963-06-28,0.561
1963-06-29,0.215
1963-06-30,0.178
1963-07-01,0.153
1963-07-02,0.198
1963-07-03,0.294
1963-07-04,0.153
1963-07-05,0.159
1963-07-06,0.167
1963-07-07,0.153
1963-07-08,0.147
1963-07-09,0.147
1963-07-10,0.142
1963-07-11,0.147
1963-07-12,0.161
1963-07-13,0.147
1963-07-14,0.173
1963-07-15,0.161
1963-07-16,0.337
1963-07-17,0.136
1963-07-18,0.142
1963-07-19,0.147
1963-07-20,0.147
1963-07-21,0.142
1963-07-22,0.136
1963-07-23,0.153
1963-07-24,1.014
1963-07-25,0.159
1963-07-26,0.136
1963-07-27,0.161
1963-07-28,0.159
1963-07-29,0.153
1963-07-30,0.147
1963-07-31,0.142
1963-08-01,0.136
1963-08-02,0.136
1963-08-03,0.159
1963-08-04,0.142
1963-08-05,0.246
1963-08-06,0.142
1963-08-07,0.535
1963-08-08,0.235
1963-08-09,0.125
1963-08-10,0.269
1963-08-11,0.190
1963-08-12,0.136
1963-08-13,0.147
1963-08-14,0.136
1963-08-15,0.136
1963-08-16,0.547
1963-08-17,2.435
1963-08-18,0.331
1963-08-19,0.159
1963-08-20,0.167
1963-08-21,0.198
1963-08-22,0.161
1963-08-23,0.190
1963-08-24,0.892
1963-08-25,0.294
1963-08-26,0.841
1963-08-27,0.824
1963-08-28,0.246
1963-08-29,0.405
1963-08-30,0.917
1963-08-31,0.841
1963-09-01,3.823
1963-09-02,2.226
1963-09-03,1.705
1963-09-04,1.051
1963-09-05,1.051
1963-09-06,0.773
1963-09-07,0.767
1963-09-08,1.424
1963-09-09,0.892
1963-09-10,0.787
1963-09-11,0.515
1963-09-12,0.484
1963-09-13,0.425
1963-09-14,0.246
1963-09-15,0.147
1963-09-16,0.142
1963-09-17,0.147
1963-09-18,0.167
1963-09-19,0.159
1963-09-20,0.159
1963-09-21,0.153
1963-09-22,0.153
1963-09-23,0.147
1963-09-24,0.473
1963-09-25,0.153
1963-09-26,3.426
1963-09-27,1.390
1963-09-28,0.892
1963-09-29,1.781
1963-09-30,0.892
1963-10-01,1.260
1963-10-02,0.892
1963-10-03,1.889
1963-10-04,1.155
1963-10-05,1.102
1963-10-06,0.787
1963-10-07,0.736
1963-10-08,2.277
1963-10-09,1.254
1963-10-10,1.996
1963-10-11,1.022
1963-10-12,0.799
1963-10-13,0.966
1963-10-14,0.665
1963-10-15,0.682
1963-10-16,1.056
1963-10-17,0.750
1963-10-18,0.725
1963-10-19,1.801
1963-10-20,1.880
1963-10-21,4.137
1963-10-22,3.378
1963-10-23,2.982
1963-10-24,1.623
1963-10-25,1.099
1963-10-26,0.858
1963-10-27,0.719
1963-10-28,0.609
1963-10-29,0.572
1963-10-30,0.521
1963-10-31,0.337
1963-11-01,0.195
1963-11-02,0.178
1963-11-03,0.167
1963-11-04,0.161
1963-11-05,0.161
1963-11-06,0.178
1963-11-07,0.487
1963-11-08,0.578
1963-11-09,0.167
1963-11-10,3.868
1963-11-11,3.775
1963-11-12,7.136
1963-11-13,3.180
1963-11-14,2.248
1963-11-15,1.390
1963-11-16,0.997
1963-11-17,0.799
1963-11-18,6.431
1963-11-19,2.226
1963-11-20,1.286
1963-11-21,4.604
1963-11-22,2.591
1963-11-23,4.429
1963-11-24,6.301
1963-11-25,3.313
1963-11-26,2.458
1963-11-27,1.260
1963-11-28,1.249
1963-11-29,1.314
1963-11-30,0.917
1963-12-01,0.804
1963-12-02,0.694
1963-12-03,0.578
1963-12-04,0.498
1963-12-05,0.450
1963-12-06,0.411
1963-12-07,0.289
1963-12-08,0.159
1963-12-09,0.153
1963-12-10,0.147
1963-12-11,0.147
1963-12-12,0.147
1963-12-13,0.147
1963-12-14,0.167
1963-12-15,0.153
1963-12-16,0.153
1963-12-17,0.159
1963-12-18,0.136
1963-12-19,0.167
1963-12-20,0.289
1963-12-21,0.306
1963-12-22,0.241
1963-12-23,0.227
1963-12-24,0.161
1963-12-25,0.362
1963-12-26,0.278
1963-12-27,0.204
1963-12-28,0.331
1963-12-29,1.150
1963-12-30,1.843
1963-12-31,0.629
1964-01-01,0.232
1964-01-02,0.597
1964-01-03,0.614
1964-01-04,0.629
1964-01-05,0.190
1964-01-06,0.178
1964-01-07,0.173
1964-01-08,0.161
1964-01-09,0.161
1964-01-10,0.159
1964-01-11,0.159
1964-01-12,0.159
1964-01-13,0.159
1964-01-14,0.167
1964-01-15,0.167
1964-01-16,0.167
1964-01-17,0.173
1964-01-18,0.198
1964-01-19,0.198
1964-01-20,0.161
1964-01-21,0.153
1964-01-22,0.147
1964-01-23,0.147
1964-01-24,0.147
1964-01-25,0.136
1964-01-26,0.142
1964-01-27,0.204
1964-01-28,0.934
1964-01-29,0.215
1964-01-30,1.161
1964-01-31,0.988
1964-02-01,0.382
1964-02-02,0.184
1964-02-03,0.343
1964-02-04,0.357
1964-02-05,0.190
1964-02-06,0.374
1964-02-07,0.657
1964-02-08,0.547
1964-02-09,0.498
1964-02-10,0.467
1964-02-11,0.430
1964-02-12,0.382
1964-02-13,0.343
1964-02-14,0.300
1964-02-15,0.283
1964-02-16,0.272
1964-02-17,0.246
1964-02-18,0.221
1964-02-19,0.258
1964-02-20,0.272
1964-02-21,0.232
1964-02-22,0.252
1964-02-23,0.300
1964-02-24,0.566
1964-02-25,0.566
1964-02-26,0.399
1964-02-27,0.614
1964-02-28,0.708
1964-02-29,0.450
1964-03-01,0.351
1964-03-02,0.235
1964-03-03,0.178
1964-03-04,0.215
1964-03-05,0.153
1964-03-06,0.159
1964-03-07,0.153
1964-03-08,0.153
1964-03-09,0.153
1964-03-10,0.153
1964-03-11,0.159
1964-03-12,0.153
1964-03-13,0.178
1964-03-14,2.039
1964-03-15,0.677
1964-03-16,0.204
1964-03-17,0.227
1964-03-18,0.195
1964-03-19,0.178
1964-03-20,0.425
1964-03-21,1.320
1964-03-22,0.430
1964-03-23,0.215
1964-03-24,1.014
1964-03-25,1.076
1964-03-26,0.210
1964-03-27,0.198
1964-03-28,0.184
1964-03-29,0.167
1964-03-30,0.159
1964-03-31,0.159
1964-04-01,0.161
1964-04-02,0.153
1964-04-03,0.153
1964-04-04,0.142
1964-04-05,0.147
1964-04-06,0.161
1964-04-07,0.167
1964-04-08,0.167
1964-04-09,0.178
1964-04-10,0.153
1964-04-11,0.147
1964-04-12,0.161
1964-04-13,0.159
1964-04-14,0.227
1964-04-15,0.524
1964-04-16,0.394
1964-04-17,0.153
1964-04-18,0.159
1964-04-19,0.320
1964-04-20,0.736
1964-04-21,0.269
1964-04-22,0.159
1964-04-23,0.167
1964-04-24,0.190
1964-04-25,0.198
1964-04-26,0.232
1964-04-27,0.221
1964-04-28,1.900
1964-04-29,0.232
1964-04-30,0.159
1964-05-01,0.190
1964-05-02,0.195
1964-05-03,0.719
1964-05-04,0.337
1964-05-05,0.215
1964-05-06,0.246
1964-05-07,2.894
1964-05-08,3.885
1964-05-09,2.268
1964-05-10,2.206
1964-05-11,1.914
1964-05-12,1.722
1964-05-13,1.260
1964-05-14,0.946
1964-05-15,0.719
1964-05-16,0.368
1964-05-17,0.178
1964-05-18,0.204
1964-05-19,0.190
1964-05-20,0.173
1964-05-21,0.178
1964-05-22,0.195
1964-05-23,0.167
1964-05-24,0.173
1964-05-25,0.173
1964-05-26,0.167
1964-05-27,0.161
1964-05-28,0.159
1964-05-29,0.159
1964-05-30,0.167
1964-05-31,0.167
1964-06-01,0.161
1964-06-02,0.159
1964-06-03,0.159
1964-06-04,0.167
1964-06-05,0.161
1964-06-06,0.153
1964-06-07,1.362
1964-06-08,0.190
1964-06-09,0.241
1964-06-10,3.041
1964-06-11,0.994
1964-06-12,0.210
1964-06-13,0.272
1964-06-14,0.221
1964-06-15,0.493
1964-06-16,0.167
1964-06-17,0.221
1964-06-18,0.147
1964-06-19,0.161
1964-06-20,0.161
1964-06-21,0.159
1964-06-22,0.159
1964-06-23,0.159
1964-06-24,0.153
1964-06-25,0.147
1964-06-26,0.142
1964-06-27,0.142
1964-06-28,0.142
1964-06-29,0.153
1964-06-30,0.147
1964-07-01,0.147
1964-07-02,0.142
1964-07-03,0.142
1964-07-04,0.136
1964-07-05,0.130
1964-07-06,0.125
1964-07-07,0.159
1964-07-08,0.159
1964-07-09,0.153
1964-07-10,0.147
1964-07-11,0.173
1964-07-12,0.147
1964-07-13,0.142
1964-07-14,1.022
1964-07-15,0.204
1964-07-16,0.147
1964-07-17,0.147
1964-07-18,0.147
1964-07-19,0.153
1964-07-20,0.159
1964-07-21,0.161
1964-07-22,0.153
1964-07-23,0.147
1964-07-24,0.147
1964-07-25,0.159
1964-07-26,0.147
1964-07-27,0.142
1964-07-28,0.142
1964-07-29,0.147
1964-07-30,0.147
1964-07-31,0.147
1964-08-01,0.142
1964-08-02,0.159
1964-08-03,0.147
1964-08-04,0.147
1964-08-05,0.142
1964-08-06,0.159
1964-08-07,0.147
1964-08-08,0.147
1964-08-09,0.142
1964-08-10,0.142
1964-08-11,0.136
1964-08-12,0.136
1964-08-13,0.136
1964-08-14,0.130
1964-08-15,0.294
1964-08-16,0.419
1964-08-17,3.443
1964-08-18,4.095
1964-08-19,1.611
1964-08-20,0.450
1964-08-21,0.436
1964-08-22,0.566
1964-08-23,1.628
1964-08-24,1.968
1964-08-25,1.167
1964-08-26,0.447
1964-08-27,0.388
1964-08-28,0.484
1964-08-29,0.388
1964-08-30,0.419
1964-08-31,0.419
1964-09-01,0.411
1964-09-02,0.411
1964-09-03,0.411
1964-09-04,0.405
1964-09-05,0.552
1964-09-06,0.436
1964-09-07,0.394
1964-09-08,0.419
1964-09-09,0.929
1964-09-10,1.303
1964-09-11,0.552
1964-09-12,0.388
1964-09-13,0.388
1964-09-14,1.436
1964-09-15,3.752
1964-09-16,1.733
1964-09-17,0.682
1964-09-18,0.436
1964-09-19,0.442
1964-09-20,0.425
1964-09-21,0.442
1964-09-22,3.744
1964-09-23,2.789
1964-09-24,0.515
1964-09-25,0.524
1964-09-26,0.487
1964-09-27,0.479
1964-09-28,0.425
1964-09-29,0.413
1964-09-30,0.419
1964-10-01,,M
1964-10-02,,M
1964-10-03,,M
1964-10-04,,M
1964-10-05,,M
1964-10-06,,M
1964-10-07,,M
1964-10-08,,M
1964-10-09,,M
1964-10-10,,M
1964-10-11,,M
1964-10-12,,M
1964-10-13,,M
1964-10-14,,M
1964-10-15,,M
1964-10-16,,M
1964-10-17,,M
1964-10-18,,M
1964-10-19,,M
1964-10-20,,M
1964-10-21,,M
1964-10-22,,M
1964-10-23,,M
1964-10-24,,M
1964-10-25,,M
1964-10-26,,M
1964-10-27,,M
1964-10-28,,M
1964-10-29,,M
1964-10-30,,M
1964-10-31,,M
1964-11-01,,M
1964-11-02,,M
1964-11-03,,M
1964-11-04,,M
1964-11-05,,M
1964-11-06,,M
1964-11-07,,M
1964-11-08,,M
1964-11-09,,M
1964-11-10,,M
1964-11-11,,M
1964-11-12,,M
1964-11-13,,M
1964-11-14,,M
1964-11-15,,M
1964-11-16,,M
1964-11-17,,M
1964-11-18,,M
1964-11-19,,M
1964-11-20,,M
1964-11-21,,M
1964-11-22,,M
1964-11-23,,M
1964-11-24,,M
1964-11-25,,M
1964-11-26,,M
1964-11-27,,M
1964-11-28,,M
1964-11-29,,M
1964-11-30,,M
1964-12-01,,M
1964-12-02,,M
1964-12-03,,M
1964-12-04,,M
1964-12-05,,M
1964-12-06,,M
1964-12-07,,M
1964-12-08,,M
1964-12-09,,M
1964-12-10,,M
1964-12-11,,M
1964-12-12,,M
1964-12-13,,M
1964-12-14,,M
1964-12-15,,M
1964-12-16,,M
1964-12-17,,M
1964-12-18,,M
1964-12-19,,M
1964-12-20,,M
1964-12-21,,M
1964-12-22,,M
1964-12-23,,M
1964-12-24,,M
1964-12-25,,M
1964-12-26,,M
1964-12-27,,M
1964-12-28,,M
1964-12-29,,M
1964-12-30,,M
1964-12-31,,M
1965-01-01,,M
1965-01-02,,M
1965-01-03,,M
1965-01-04,,M
1965-01-05,,M
1965-01-06,,M
1965-01-07,,M
1965-01-08,,M
1965-01-09,,M
1965-01-10,,M
1965-01-11,,M
1965-01-12,,M
1965-01-13,,M
1965-01-14,,M
1965-01-15,,M
1965-01-16,,M
1965-01-17,,M
1965-01-18,,M
1965-01-19,,M
1965-01-20,,M
1965-01-21,,M
1965-01-22,,M
1965-01-23,,M
1965-01-24,,M
1965-01-25,,M
1965-01-26,,M
1965-01-27,,M
1965-01-28,,M
1965-01-29,,M
1965-01-30,,M
1965-01-31,,M
1965-02-01,,M
1965-02-02,,M
1965-02-03,,M
1965-02-04,,M
1965-02-05,,M
1965-02-06,,M
1965-02-07,,M
1965-02-08,,M
1965-02-09,,M
1965-02-10,,M
1965-02-11,,M
1965-02-12,,M
1965-02-13,,M
1965-02-14,,M
1965-02-15,,M
1965-02-16,,M
1965-02-17,,M
1965-02-18,,M
1965-02-19,,M
1965-02-20,,M
1965-02-21,,M
1965-02-22,,M
1965-02-23,,M
1965-02-24,,M
1965-02-25,,M
1965-02-26,,M
1965-02-27,,M
1965-02-28,,M
1965-03-01,0.125
1965-03-02,0.190
1965-03-03,0.195
1965-03-04,0.198
1965-03-05,0.184
1965-03-06,0.173
1965-03-07,0.184
1965-03-08,0.204
1965-03-09,0.167
1965-03-10,0.173
1965-03-11,0.184
1965-03-12,0.178
1965-03-13,0.178
1965-03-14,0.756
1965-03-15,1.206
1965-03-16,0.988
1965-03-17,0.195
1965-03-18,0.178
1965-03-19,0.184
1965-03-20,0.190
1965-03-21,0.173
1965-03-22,0.167
1965-03-23,0.190
1965-03-24,0.184
1965-03-25,0.198
1965-03-26,0.221
1965-03-27,3.956
1965-03-28,0.725
1965-03-29,0.215
1965-03-30,0.195
1965-03-31,0.178
1965-04-01,0.178
1965-04-02,0.173
1965-04-03,0.167
1965-04-04,0.173
1965-04-05,0.167
1965-04-06,0.161
1965-04-07,0.167
1965-04-08,0.173
1965-04-09,0.198
1965-04-10,0.923
1965-04-11,0.190
1965-04-12,1.017
1965-04-13,0.195
1965-04-14,0.227
1965-04-15,0.450
1965-04-16,0.190
1965-04-17,0.541
1965-04-18,0.232
1965-04-19,0.198
1965-04-20,0.195
1965-04-21,0.184
1965-04-22,0.178
1965-04-23,0.178
1965-04-24,0.173
1965-04-25,0.173
1965-04-26,0.178
1965-04-27,0.184
1965-04-28,0.184
1965-04-29,0.184
1965-04-30,0.173
1965-05-01,0.178
1965-05-02,0.184
1965-05-03,0.184
1965-05-04,0.184
1965-05-05,0.178
1965-05-06,0.173
1965-05-07,0.195
1965-05-08,0.561
1965-05-09,0.272
1965-05-10,0.178
1965-05-11,0.178
1965-05-12,0.178
1965-05-13,0.173
1965-05-14,0.167
1965-05-15,0.167
1965-05-16,0.167
1965-05-17,0.173
1965-05-18,0.198
1965-05-19,0.184
1965-05-20,0.167
1965-05-21,0.167
1965-05-22,0.167
1965-05-23,0.178
1965-05-24,0.184
1965-05-25,0.278
1965-05-26,0.167
1965-05-27,0.425
1965-05-28,0.159
1965-05-29,0.161
1965-05-30,0.161
1965-05-31,0.159
1965-06-01,0.153
1965-06-02,0.153
1965-06-03,0.153
1965-06-04,0.159
1965-06-05,0.167
1965-06-06,0.159
1965-06-07,0.161
1965-06-08,0.159
1965-06-09,0.159
1965-06-10,0.153
1965-06-11,0.147
1965-06-12,0.147
1965-06-13,0.159
1965-06-14,0.142
1965-06-15,0.215
1965-06-16,0.767
1965-06-17,0.153
1965-06-18,1.713
1965-06-19,0.326
1965-06-20,0.173
1965-06-21,0.399
1965-06-22,0.167
1965-06-23,0.835
1965-06-24,2.067
1965-06-25,4.063
1965-06-26,1.495
1965-06-27,0.456
1965-06-28,0.235
1965-06-29,0.215
1965-06-30,0.195
1965-07-01,0.195
1965-07-02,0.184
1965-07-03,0.173
1965-07-04,0.173
1965-07-05,0.178
1965-07-06,0.173
1965-07-07,0.184
1965-07-08,0.232
1965-07-09,0.246
1965-07-10,0.221
1965-07-11,0.382
1965-07-12,0.411
1965-07-13,0.578
1965-07-14,0.773
1965-07-15,0.394
1965-07-16,0.159
1965-07-17,0.153
1965-07-18,0.153
1965-07-19,0.153
1965-07-20,0.153
1965-07-21,0.153
1965-07-22,0.147
1965-07-23,0.173
1965-07-24,0.278
1965-07-25,0.306
1965-07-26,0.161
1965-07-27,0.153
1965-07-28,1.308
1965-07-29,4.199
1965-07-30,1.356
1965-07-31,0.269
1965-08-01,0.195
1965-08-02,0.195
1965-08-03,0.178
1965-08-04,0.345
1965-08-05,2.410
1965-08-06,0.272
1965-08-07,0.221
1965-08-08,0.210
1965-08-09,0.173
1965-08-10,0.167
1965-08-11,0.173
1965-08-12,0.167
1965-08-13,0.159
1965-08-14,0.159
1965-08-15,0.159
1965-08-16,0.167
1965-08-17,0.159
1965-08-18,0.153
1965-08-19,1.203
1965-08-20,0.161
1965-08-21,1.212
1965-08-22,0.167
1965-08-23,0.190
1965-08-24,0.484
1965-08-25,0.204
1965-08-26,0.173
1965-08-27,0.159
1965-08-28,0.178
1965-08-29,0.178
1965-08-30,0.161
1965-08-31,0.184
1965-09-01,0.159
1965-09-02,0.153
1965-09-03,0.153
1965-09-04,0.195
1965-09-05,0.173
1965-09-06,0.345
1965-09-07,0.566
1965-09-08,0.147
1965-09-09,0.153
1965-09-10,0.221
1965-09-11,0.184
1965-09-12,0.167
1965-09-13,0.159
1965-09-14,0.153
1965-09-15,0.646
1965-09-16,0.530
1965-09-17,0.493
1965-09-18,1.549
1965-09-19,0.278
1965-09-20,0.235
1965-09-21,0.283
1965-09-22,0.767
1965-09-23,0.394
1965-09-24,2.064
1965-09-25,4.199
1965-09-26,4.463
1965-09-27,0.614
1965-09-28,0.614
1965-09-29,1.172
1965-09-30,0.841
1965-10-01,0.824
1965-10-02,0.739
1965-10-03,0.510
1965-10-04,0.258
1965-10-05,0.210
1965-10-06,0.184
1965-10-07,0.167
1965-10-08,0.153
1965-10-09,0.153
1965-10-10,0.159
1965-10-11,0.159
1965-10-12,0.153
1965-10-13,0.153
1965-10-14,0.159
1965-10-15,0.167
1965-10-16,0.159
1965-10-17,0.153
1965-10-18,0.147
1965-10-19,0.147
1965-10-20,0.142
1965-10-21,0.142
1965-10-22,0.142
1965-10-23,0.136
1965-10-24,0.136
1965-10-25,0.130
1965-10-26,0.130
1965-10-27,0.173
1965-10-28,1.325
1965-10-29,0.368
1965-10-30,1.790
1965-10-31,1.968
1965-11-01,3.990
1965-11-02,1.549
1965-11-03,0.263
1965-11-04,0.215
1965-11-05,0.198
1965-11-06,0.394
1965-11-07,0.756
1965-11-08,1.144
1965-11-09,0.535
1965-11-10,0.178
1965-11-11,0.173
1965-11-12,0.190
1965-11-13,0.190
1965-11-14,0.178
1965-11-15,0.161
1965-11-16,0.167
1965-11-17,0.195
1965-11-18,0.263
1965-11-19,1.008
1965-11-20,1.744
1965-11-21,0.232
1965-11-22,0.195
1965-11-23,0.235
1965-11-24,0.210
1965-11-25,0.173
1965-11-26,0.184
1965-11-27,0.159
1965-11-28,0.142
1965-11-29,0.142
1965-11-30,0.167
1965-12-01,0.142
1965-12-02,0.159
1965-12-03,0.258
1965-12-04,0.195
1965-12-05,0.178
1965-12-06,0.210
1965-12-07,0.190
1965-12-08,1.167
1965-12-09,6.116
1965-12-10,2.571
1965-12-11,0.419
1965-12-12,0.241
1965-12-13,0.892
1965-12-14,2.282
1965-12-15,8.164
1965-12-16,2.656
1965-12-17,2.200
1965-12-18,2.112
1965-12-19,0.614
1965-12-20,0.377
1965-12-21,0.351
1965-12-22,0.467
1965-12-23,1.424
1965-12-24,0.215
1965-12-25,0.178
1965-12-26,0.184
1965-12-27,0.252
1965-12-28,0.173
1965-12-29,0.221
1965-12-30,0.269
1965-12-31,0.767
1966-01-01,1.812
1966-01-02,1.645
1966-01-03,0.589
1966-01-04,0.368
1966-01-05,2.710
1966-01-06,4.225
1966-01-07,0.903
1966-01-08,0.294
1966-01-09,0.204
1966-01-10,0.283
1966-01-11,0.252
1966-01-12,0.190
1966-01-13,0.173
1966-01-14,0.142
1966-01-15,0.190
1966-01-16,0.161
1966-01-17,0.147
1966-01-18,0.190
1966-01-19,0.173
1966-01-20,0.161
1966-01-21,0.178
1966-01-22,0.173
1966-01-23,0.167
1966-01-24,0.159
1966-01-25,0.190
1966-01-26,0.787
1966-01-27,0.646
1966-01-28,1.705
1966-01-29,2.472
1966-01-30,1.838
1966-01-31,0.419
1966-02-01,0.198
1966-02-02,0.272
1966-02-03,0.246
1966-02-04,3.987
1966-02-05,3.041
1966-02-06,1.260
1966-02-07,0.782
1966-02-08,0.413
1966-02-09,0.394
1966-02-10,0.263
1966-02-11,0.210
1966-02-12,0.198
1966-02-13,0.190
1966-02-14,0.184
1966-02-15,0.198
1966-02-16,0.167
1966-02-17,0.184
1966-02-18,0.178
1966-02-19,0.147
1966-02-20,1.017
1966-02-21,2.226
1966-02-22,0.903
1966-02-23,0.552
1966-02-24,1.560
1966-02-25,5.428
1966-02-26,2.563
1966-02-27,1.869
1966-02-28,1.461
1966-03-01,0.547
1966-03-02,2.288
1966-03-03,0.997
1966-03-04,0.589
1966-03-05,0.232
1966-03-06,0.215
1966-03-07,0.227
1966-03-08,0.210
1966-03-09,0.204
1966-03-10,0.818
1966-03-11,0.289
1966-03-12,0.235
1966-03-13,0.215
1966-03-14,0.215
1966-03-15,0.227
1966-03-16,0.232
1966-03-17,0.227
1966-03-18,0.215
1966-03-19,0.210
1966-03-20,0.198
1966-03-21,0.198
1966-03-22,0.198
1966-03-23,0.232
1966-03-24,0.210
1966-03-25,0.195
1966-03-26,0.589
1966-03-27,1.365
1966-03-28,0.479
1966-03-29,0.252
1966-03-30,0.246
1966-03-31,0.252
1966-04-01,0.830
1966-04-02,0.246
1966-04-03,0.227
1966-04-04,0.221
1966-04-05,0.221
1966-04-06,0.241
1966-04-07,0.232
1966-04-08,0.227
1966-04-09,0.399
1966-04-10,2.146
1966-04-11,0.227
1966-04-12,0.204
1966-04-13,0.204
1966-04-14,0.210
1966-04-15,0.198
1966-04-16,0.198
1966-04-17,0.195
1966-04-18,0.184
1966-04-19,0.190
1966-04-20,0.198
1966-04-21,0.210
1966-04-22,1.543
1966-04-23,3.350
1966-04-24,1.034
1966-04-25,0.357
1966-04-26,0.232
1966-04-27,0.799
1966-04-28,0.294
1966-04-29,0.235
1966-04-30,0.232
1966-05-01,0.215
1966-05-02,0.232
1966-05-03,0.227
1966-05-04,0.232
1966-05-05,0.235
1966-05-06,0.227
1966-05-07,0.210
1966-05-08,0.663
1966-05-09,0.314
1966-05-10,0.215
1966-05-11,0.719
1966-05-12,0.320
1966-05-13,0.195
1966-05-14,0.651
1966-05-15,0.159
1966-05-16,0.167
1966-05-17,0.195
1966-05-18,0.190
1966-05-19,0.493
1966-05-20,0.232
1966-05-21,0.552
1966-05-22,2.498
1966-05-23,1.002
1966-05-24,0.943
1966-05-25,1.065
1966-05-26,0.374
1966-05-27,0.198
1966-05-28,0.184
1966-05-29,0.184
1966-05-30,0.184
1966-05-31,0.184
1966-06-01,0.184
1966-06-02,0.178
1966-06-03,0.173
1966-06-04,0.198
1966-06-05,0.447
1966-06-06,0.173
1966-06-07,0.198
1966-06-08,0.178
1966-06-09,0.178
1966-06-10,0.173
1966-06-11,0.184
1966-06-12,0.178
1966-06-13,0.195
1966-06-14,0.221
1966-06-15,0.221
1966-06-16,0.210
1966-06-17,0.362
1966-06-18,0.227
1966-06-19,0.173
1966-06-20,0.178
1966-06-21,0.195
1966-06-22,0.184
1966-06-23,1.051
1966-06-24,1.308
1966-06-25,0.306
1966-06-26,0.227
1966-06-27,0.331
1966-06-28,0.204
1966-06-29,0.204
1966-06-30,0.215
1966-07-01,0.210
1966-07-02,0.198
1966-07-03,0.195
1966-07-04,0.178
1966-07-05,0.178
1966-07-06,0.173
1966-07-07,0.167
1966-07-08,0.161
1966-07-09,0.161
1966-07-10,0.167
1966-07-11,0.178
1966-07-12,0.167
1966-07-13,0.178
1966-07-14,0.178
1966-07-15,0.167
1966-07-16,0.167
1966-07-17,0.159
1966-07-18,0.153
1966-07-19,0.142
1966-07-20,0.130
1966-07-21,0.122
1966-07-22,0.116
1966-07-23,0.122
1966-07-24,0.130
1966-07-25,0.125
1966-07-26,0.153
1966-07-27,0.159
1966-07-28,0.147
1966-07-29,0.159
1966-07-30,0.167
1966-07-31,0.161
1966-08-01,0.142
1966-08-02,0.130
1966-08-03,0.136
1966-08-04,0.232
1966-08-05,0.232
1966-08-06,0.190
1966-08-07,0.178
1966-08-08,0.167
1966-08-09,0.173
1966-08-10,0.739
1966-08-11,0.161
1966-08-12,0.252
1966-08-13,1.022
1966-08-14,5.375
1966-08-15,0.413
1966-08-16,0.232
1966-08-17,0.215
1966-08-18,0.215
1966-08-19,0.184
1966-08-20,0.204
1966-08-21,0.547
1966-08-22,0.215
1966-08-23,0.190
1966-08-24,0.195
1966-08-25,0.190
1966-08-26,0.198
1966-08-27,0.195
1966-08-28,0.195
1966-08-29,0.190
1966-08-30,0.190
1966-08-31,0.184
1966-09-01,0.184
1966-09-02,2.195
1966-09-03,0.306
1966-09-04,5.394
1966-09-05,0.767
1966-09-06,0.337
1966-09-07,0.198
1966-09-08,0.215
1966-09-09,0.235
1966-09-10,0.530
1966-09-11,0.394
1966-09-12,4.525
1966-09-13,1.099
1966-09-14,0.963
1966-09-15,1.396
1966-09-16,0.289
1966-09-17,0.252
1966-09-18,0.241
1966-09-19,0.215
1966-09-20,0.204
1966-09-21,0.195
1966-09-22,0.190
1966-09-23,0.184
1966-09-24,0.184
1966-09-25,0.178
1966-09-26,0.173
1966-09-27,0.173
1966-09-28,0.178
1966-09-29,0.178
1966-09-30,0.178
1966-10-01,0.345
1966-10-02,0.283
1966-10-03,1.549
1966-10-04,2.257
1966-10-05,0.283
1966-10-06,2.342
1966-10-07,0.524
1966-10-08,0.515
1966-10-09,0.221
1966-10-10,0.190
1966-10-11,0.221
1966-10-12,0.195
1966-10-13,0.263
1966-10-14,0.442
1966-10-15,0.232
1966-10-16,0.198
1966-10-17,0.204
1966-10-18,0.767
1966-10-19,0.923
1966-10-20,0.399
1966-10-21,0.320
1966-10-22,0.241
1966-10-23,0.215
1966-10-24,0.198
1966-10-25,0.195
1966-10-26,0.198
1966-10-27,0.195
1966-10-28,0.198
1966-10-29,0.210
1966-10-30,0.204
1966-10-31,0.198
1966-11-01,0.524
1966-11-02,0.677
1966-11-03,0.221
1966-11-04,0.221
1966-11-05,0.210
1966-11-06,0.861
1966-11-07,0.934
1966-11-08,0.241
1966-11-09,0.227
1966-11-10,0.221
1966-11-11,0.227
1966-11-12,0.343
1966-11-13,0.331
1966-11-14,0.572
1966-11-15,2.144
1966-11-16,1.365
1966-11-17,0.272
1966-11-18,0.232
1966-11-19,0.215
1966-11-20,0.210
1966-11-21,0.195
1966-11-22,0.198
1966-11-23,0.221
1966-11-24,0.232
1966-11-25,0.246
1966-11-26,0.246
1966-11-27,0.272
1966-11-28,0.294
1966-11-29,0.597
1966-11-30,1.303
1966-12-01,1.450
1966-12-02,1.489
1966-12-03,0.413
1966-12-04,0.326
1966-12-05,2.398
1966-12-06,1.529
1966-12-07,0.620
1966-12-08,3.169
1966-12-09,0.883
1966-12-10,0.595
1966-12-11,0.405
1966-12-12,0.651
1966-12-13,0.719
1966-12-14,0.306
1966-12-15,1.045
1966-12-16,3.203
1966-12-17,0.521
1966-12-18,2.735
1966-12-19,2.710
1966-12-20,1.937
1966-12-21,0.946
1966-12-22,0.626
1966-12-23,0.841
1966-12-24,0.419
1966-12-25,0.309
1966-12-26,0.583
1966-12-27,2.336
1966-12-28,1.022
1966-12-29,3.050
1966-12-30,1.068
1966-12-31,0.714
1967-01-01,0.357
1967-01-02,0.300
1967-01-03,0.269
1967-01-04,0.263
1967-01-05,0.263
1967-01-06,0.382
1967-01-07,0.241
1967-01-08,0.227
1967-01-09,0.210
1967-01-10,0.289
1967-01-11,0.450
1967-01-12,0.283
1967-01-13,0.269
1967-01-14,0.198
1967-01-15,0.195
1967-01-16,0.190
1967-01-17,0.204
1967-01-18,0.411
1967-01-19,1.260
1967-01-20,0.867
1967-01-21,2.152
1967-01-22,0.830
1967-01-23,0.793
1967-01-24,0.368
1967-01-25,2.206
1967-01-26,1.572
1967-01-27,2.727
1967-01-28,1.758
1967-01-29,1.232
1967-01-30,1.206
1967-01-31,0.442
1967-02-01,0.442
1967-02-02,0.337
1967-02-03,0.671
1967-02-04,0.603
1967-02-05,0.263
1967-02-06,0.227
1967-02-07,0.258
1967-02-08,0.195
1967-02-09,0.195
1967-02-10,0.204
1967-02-11,0.198
1967-02-12,0.184
1967-02-13,0.198
1967-02-14,0.198
1967-02-15,0.190
1967-02-16,0.204
1967-02-17,0.263
1967-02-18,0.210
1967-02-19,2.158
1967-02-20,0.977
1967-02-21,0.289
1967-02-22,0.241
1967-02-23,0.246
1967-02-24,0.394
1967-02-25,5.091
1967-02-26,3.517
1967-02-27,7.399
1967-02-28,2.699
1967-03-01,1.487
1967-03-02,2.231
1967-03-03,2.152
1967-03-04,1.260
1967-03-05,1.487
1967-03-06,1.617
1967-03-07,2.282
1967-03-08,1.659
1967-03-09,1.254
1967-03-10,1.487
1967-03-11,0.750
1967-03-12,0.787
1967-03-13,0.484
1967-03-14,0.620
1967-03-15,0.830
1967-03-16,0.634
1967-03-17,0.997
1967-03-18,0.300
1967-03-19,0.204
1967-03-20,0.161
1967-03-21,0.190
1967-03-22,0.074
1967-03-23,0.294
1967-03-24,0.677
1967-03-25,1.996
1967-03-26,2.410
1967-03-27,1.237
1967-03-28,0.934
1967-03-29,0.883
1967-03-30,0.736
1967-03-31,0.535
1967-04-01,0.583
1967-04-02,2.163
1967-04-03,1.218
1967-04-04,0.917
1967-04-05,0.708
1967-04-06,0.561
1967-04-07,1.022
1967-04-08,0.731
1967-04-09,0.841
1967-04-10,0.450
1967-04-11,0.269
1967-04-12,0.252
1967-04-13,0.232
1967-04-14,0.263
1967-04-15,0.394
1967-04-16,0.278
1967-04-17,0.374
1967-04-18,0.278
1967-04-19,0.283
1967-04-20,0.278
1967-04-21,0.283
1967-04-22,0.283
1967-04-23,0.283
1967-04-24,0.411
1967-04-25,0.524
1967-04-26,0.320
1967-04-27,0.294
1967-04-28,0.235
1967-04-29,0.142
1967-04-30,0.110
1967-05-01,0.130
1967-05-02,0.130
1967-05-03,0.130
1967-05-04,0.184
1967-05-05,0.178
1967-05-06,0.204
1967-05-07,0.184
1967-05-08,0.736
1967-05-09,2.667
1967-05-10,2.090
1967-05-11,1.127
1967-05-12,2.064
1967-05-13,0.184
1967-05-14,0.173
1967-05-15,0.184
1967-05-16,0.362
1967-05-17,0.345
1967-05-18,0.413
1967-05-19,0.326
1967-05-20,0.252
1967-05-21,0.246
1967-05-22,0.756
1967-05-23,2.415
1967-05-24,2.277
1967-05-25,0.263
1967-05-26,0.173
1967-05-27,0.161
1967-05-28,0.161
1967-05-29,0.159
1967-05-30,0.153
1967-05-31,0.147
1967-06-01,0.142
1967-06-02,0.136
1967-06-03,0.130
1967-06-04,0.125
1967-06-05,0.116
1967-06-06,0.153
1967-06-07,0.173
1967-06-08,0.198
1967-06-09,0.204
1967-06-10,0.116
1967-06-11,0.147
1967-06-12,0.136
1967-06-13,0.130
1967-06-14,0.130
1967-06-15,0.130
1967-06-16,0.130
1967-06-17,0.136
1967-06-18,0.136
1967-06-19,0.125
1967-06-20,0.130
1967-06-21,0.130
1967-06-22,0.142
1967-06-23,0.136
1967-06-24,0.130
1967-06-25,0.130
1967-06-26,0.130
1967-06-27,0.130
1967-06-28,0.130
1967-06-29,0.136
1967-06-30,0.130
1967-07-01,0.130
1967-07-02,0.130
1967-07-03,0.130
1967-07-04,0.130
1967-07-05,0.130
1967-07-06,0.125
1967-07-07,0.125
1967-07-08,0.130
1967-07-09,0.130
1967-07-10,0.125
1967-07-11,0.125
1967-07-12,0.125
1967-07-13,0.125
1967-07-14,0.161
1967-07-15,0.198
1967-07-16,0.153
1967-07-17,0.142
1967-07-18,0.178
1967-07-19,0.159
1967-07-20,0.153
1967-07-21,0.147
1967-07-22,0.147
1967-07-23,0.142
1967-07-24,0.142
1967-07-25,0.142
1967-07-26,0.136
1967-07-27,0.147
1967-07-28,0.142
1967-07-29,0.142
1967-07-30,0.142
1967-07-31,0.142
1967-08-01,0.161
1967-08-02,0.153
1967-08-03,0.147
1967-08-04,0.153
1967-08-05,0.153
1967-08-06,0.147
1967-08-07,0.130
1967-08-08,0.122
1967-08-09,0.136
1967-08-10,0.130
1967-08-11,0.161
1967-08-12,0.167
1967-08-13,0.167
1967-08-14,0.159
1967-08-15,0.161
1967-08-16,0.190
1967-08-17,0.178
1967-08-18,0.159
1967-08-19,0.153
1967-08-20,0.147
1967-08-21,0.136
1967-08-22,0.136
1967-08-23,0.136
1967-08-24,0.136
1967-08-25,0.130
1967-08-26,0.130
1967-08-27,0.130
1967-08-28,0.130
1967-08-29,0.130
1967-08-30,0.130
1967-08-31,0.130
1967-09-01,0.130
1967-09-02,0.130
1967-09-03,0.178
1967-09-04,0.173
1967-09-05,0.552
1967-09-06,0.252
1967-09-07,0.195
1967-09-08,0.178
1967-09-09,0.161
1967-09-10,0.159
1967-09-11,0.161
1967-09-12,0.159
1967-09-13,0.159
1967-09-14,0.147
1967-09-15,0.147
1967-09-16,0.147
1967-09-17,0.147
1967-09-18,0.136
1967-09-19,0.136
1967-09-20,0.136
1967-09-21,0.136
1967-09-22,0.147
1967-09-23,0.159
1967-09-24,0.142
1967-09-25,0.136
1967-09-26,0.178
1967-09-27,0.198
1967-09-28,0.195
1967-09-29,0.331
1967-09-30,0.320
1967-10-01,0.394
1967-10-02,0.430
1967-10-03,0.430
1967-10-04,0.399
1967-10-05,0.357
1967-10-06,0.382
1967-10-07,0.479
1967-10-08,0.411
1967-10-09,0.762
1967-10-10,0.484
1967-10-11,0.405
1967-10-12,0.368
1967-10-13,0.362
1967-10-14,0.572
1967-10-15,0.430
1967-10-16,0.394
1967-10-17,0.515
1967-10-18,0.399
1967-10-19,0.436
1967-10-20,0.561
1967-10-21,0.442
1967-10-22,0.405
1967-10-23,0.377
1967-10-24,0.294
1967-10-25,0.309
1967-10-26,0.725
1967-10-27,1.574
1967-10-28,1.523
1967-10-29,1.523
1967-10-30,1.523
1967-10-31,1.523
1967-11-01,1.574
1967-11-02,2.257
1967-11-03,2.835
1967-11-04,2.888
1967-11-05,2.993
1967-11-06,2.784
1967-11-07,2.888
1967-11-08,2.571
1967-11-09,2.206
1967-11-10,2.571
1967-11-11,3.044
1967-11-12,3.361
1967-11-13,2.835
1967-11-14,2.466
1967-11-15,3.098
1967-11-16,3.939
1967-11-17,3.149
1967-11-18,1.996
1967-11-19,1.260
1967-11-20,0.762
1967-11-21,0.736
1967-11-22,0.646
1967-11-23,0.484
1967-11-24,0.382
1967-11-25,0.382
1967-11-26,0.382
1967-11-27,0.382
1967-11-28,0.394
1967-11-29,0.399
1967-11-30,0.382
1967-12-01,0.382
1967-12-02,0.382
1967-12-03,0.430
1967-12-04,0.399
1967-12-05,0.484
1967-12-06,0.541
1967-12-07,0.521
1967-12-08,0.436
1967-12-09,0.246
1967-12-10,0.215
1967-12-11,0.227
1967-12-12,0.204
1967-12-13,0.173
1967-12-14,0.167
1967-12-15,0.161
1967-12-16,0.161
1967-12-17,0.178
1967-12-18,0.161
1967-12-19,0.147
1967-12-20,0.167
1967-12-21,0.235
1967-12-22,0.340
1967-12-23,0.776
1967-12-24,0.756
1967-12-25,0.773
1967-12-26,0.583
1967-12-27,0.603
1967-12-28,0.663
1967-12-29,0.566
1967-12-30,0.629
1967-12-31,0.708
1968-01-01,0.708
1968-01-02,0.702
1968-01-03,0.699
1968-01-04,0.456
1968-01-05,0.159
1968-01-06,0.159
1968-01-07,0.178
1968-01-08,0.167
1968-01-09,0.136
1968-01-10,0.167
1968-01-11,0.161
1968-01-12,0.178
1968-01-13,0.178
1968-01-14,0.232
1968-01-15,0.289
1968-01-16,0.314
1968-01-17,0.524
1968-01-18,0.394
1968-01-19,0.314
1968-01-20,0.306
1968-01-21,0.484
1968-01-22,0.524
1968-01-23,0.688
1968-01-24,0.665
1968-01-25,0.651
1968-01-26,0.425
1968-01-27,0.198
1968-01-28,0.198
1968-01-29,0.190
1968-01-30,0.399
1968-01-31,1.345
1968-02-01,2.888
1968-02-02,1.603
1968-02-03,0.510
1968-02-04,0.210
1968-02-05,0.235
1968-02-06,1.051
1968-02-07,0.558
1968-02-08,0.235
1968-02-09,0.289
1968-02-10,0.382
1968-02-11,0.419
1968-02-12,0.419
1968-02-13,0.419
1968-02-14,0.419
1968-02-15,0.473
1968-02-16,0.578
1968-02-17,0.682
1968-02-18,0.682
1968-02-19,0.629
1968-02-20,0.473
1968-02-21,0.394
1968-02-22,0.394
1968-02-23,0.394
1968-02-24,0.368
1968-02-25,0.382
1968-02-26,0.362
1968-02-27,0.309
1968-02-28,0.210
1968-02-29,0.210
1968-03-01,0.195
1968-03-02,0.184
1968-03-03,0.184
1968-03-04,0.227
1968-03-05,0.708
1968-03-06,0.447
1968-03-07,0.246
1968-03-08,0.368
1968-03-09,0.221
1968-03-10,0.210
1968-03-11,0.382
1968-03-12,0.762
1968-03-13,1.102
1968-03-14,1.102
1968-03-15,1.051
1968-03-16,1.314
1968-03-17,1.838
1968-03-18,1.314
1968-03-19,2.619
1968-03-20,3.687
1968-03-21,1.733
1968-03-22,1.314
1968-03-23,4.715
1968-03-24,4.715
1968-03-25,2.101
1968-03-26,3.019
1968-03-27,3.542
1968-03-28,1.943
1968-03-29,1.181
1968-03-30,0.940
1968-03-31,0.889
1968-04-01,3.412
1968-04-02,2.362
1968-04-03,1.102
1968-04-04,0.762
1968-04-05,0.671
1968-04-06,0.603
1968-04-07,0.524
1968-04-08,0.456
1968-04-09,0.411
1968-04-10,0.399
1968-04-11,0.419
1968-04-12,0.365
1968-04-13,0.419
1968-04-14,0.396
1968-04-15,0.419
1968-04-16,0.524
1968-04-17,0.603
1968-04-18,0.787
1968-04-19,4.621
1968-04-20,3.517
1968-04-21,0.946
1968-04-22,0.561
1968-04-23,0.210
1968-04-24,0.198
1968-04-25,0.190
1968-04-26,0.184
1968-04-27,0.184
1968-04-28,0.294
1968-04-29,0.357
1968-04-30,0.345
1968-05-01,0.473
1968-05-02,0.430
1968-05-03,0.578
1968-05-04,0.736
1968-05-05,1.600
1968-05-06,1.911
1968-05-07,0.971
1968-05-08,1.051
1968-05-09,1.051
1968-05-10,2.492
1968-05-11,2.362
1968-05-12,1.574
1968-05-13,1.051
1968-05-14,0.787
1968-05-15,0.892
1968-05-16,0.762
1968-05-17,0.634
1968-05-18,0.524
1968-05-19,0.498
1968-05-20,0.493
1968-05-21,0.337
1968-05-22,0.289
1968-05-23,0.362
1968-05-24,0.558
1968-05-25,0.541
1968-05-26,0.484
1968-05-27,0.388
1968-05-28,0.263
1968-05-29,0.314
1968-05-30,0.314
1968-05-31,1.048
1968-06-01,1.574
1968-06-02,1.784
1968-06-03,1.733
1968-06-04,1.464
1968-06-05,0.411
1968-06-06,0.331
1968-06-07,0.331
1968-06-08,0.326
1968-06-09,0.326
1968-06-10,0.320
1968-06-11,0.320
1968-06-12,0.320
1968-06-13,0.320
1968-06-14,0.368
1968-06-15,0.405
1968-06-16,0.405
1968-06-17,0.405
1968-06-18,0.405
1968-06-19,0.405
1968-06-20,0.411
1968-06-21,0.405
1968-06-22,0.405
1968-06-23,0.405
1968-06-24,0.405
1968-06-25,0.419
1968-06-26,0.411
1968-06-27,0.447
1968-06-28,0.419
1968-06-29,0.413
1968-06-30,0.411
1968-07-01,0.340
1968-07-02,0.419
1968-07-03,0.419
1968-07-04,0.436
1968-07-05,0.411
1968-07-06,0.405
1968-07-07,0.419
1968-07-08,0.419
1968-07-09,0.419
1968-07-10,0.419
1968-07-11,0.425
1968-07-12,0.345
1968-07-13,0.283
1968-07-14,0.278
1968-07-15,0.278
1968-07-16,0.300
1968-07-17,0.289
1968-07-18,0.278
1968-07-19,0.278
1968-07-20,0.278
1968-07-21,0.278
1968-07-22,0.221
1968-07-23,0.306
1968-07-24,0.300
1968-07-25,0.306
1968-07-26,0.300
1968-07-27,0.300
1968-07-28,0.300
1968-07-29,0.300
1968-07-30,0.300
1968-07-31,0.300
1968-08-01,0.294
1968-08-02,0.294
1968-08-03,0.294
1968-08-04,0.294
1968-08-05,0.294
1968-08-06,0.294
1968-08-07,0.294
1968-08-08,0.294
1968-08-09,0.294
1968-08-10,0.294
1968-08-11,0.294
1968-08-12,0.294
1968-08-13,0.300
1968-08-14,0.294
1968-08-15,0.294
1968-08-16,0.294
1968-08-17,0.294
1968-08-18,0.294
1968-08-19,0.294
1968-08-20,0.294
1968-08-21,0.294
1968-08-22,0.289
1968-08-23,0.289
1968-08-24,0.289
1968-08-25,0.289
1968-08-26,0.289
1968-08-27,0.289
1968-08-28,0.294
1968-08-29,0.294
1968-08-30,0.289
1968-08-31,0.289
1968-09-01,0.289
1968-09-02,0.314
1968-09-03,0.235
1968-09-04,0.227
1968-09-05,0.309
1968-09-06,0.331
1968-09-07,0.331
1968-09-08,0.326
1968-09-09,0.283
1968-09-10,0.326
1968-09-11,0.278
1968-09-12,0.345
1968-09-13,0.345
1968-09-14,0.331
1968-09-15,0.309
1968-09-16,0.309
1968-09-17,0.289
1968-09-18,0.309
1968-09-19,0.306
1968-09-20,0.320
1968-09-21,0.314
1968-09-22,0.309
1968-09-23,0.314
1968-09-24,0.294
1968-09-25,0.289
1968-09-26,0.283
1968-09-27,0.470
1968-09-28,0.682
1968-09-29,0.603
1968-09-30,0.946
